Size,Time
10,8.669999078847469e-06
100,0.00012241999938851223
1000,0.0011223500026972034
10000,0.0015541200002189726
100000,0.002248749999853317
1000000,0.0033696400001645087
