Size,Time
10,1.0900000052060933e-05
100,0.00010289000056218356
1000,0.0004994599978090264
10000,0.0004994300019461661
100000,0.0005283600024995394
1000000,0.0005978499990305864
