Size,Time
10,1.6599999798927457e-05
100,0.0001474800010328181
1000,0.0007590599983814172
10000,0.0007965999990119599
100000,0.0009945000027073547
1000000,0.0015197999993688427
