Size,Time
10,6.0399979702197015e-06
100,4.73100008093752e-05
1000,0.00023375999880954624
10000,0.0002695200004382059
100000,0.00038601999840466307
1000000,0.0007414799983962439
