Size,Time
10,5.3700001444667574e-06
100,0.00028864999912912024
1000,0.014825259997451212
10000,0.16880455000064104
100000,1.867030589999922
1000000,66.97672017000005
