Size,Time
10,0.0011804100009612738
100,0.0012359700005617924
1000,0.001575040000898298
10000,0.003016620002745185
100000,0.01819897999666864
1000000,0.1573689899974852
