Size,Time
10,0.0006324100017081946
100,0.0006958600002690219
1000,0.0007022299992968329
10000,0.0007083499993314035
100000,0.0007353299995884299
1000000,0.0007815500008291565
