Size,Time
10,0.2768244600010803
100,0.2795903199992608
1000,0.2782350800000131
10000,0.15357682999892858
100000,0.005910919999587349
1000000,0.006209220002347138
