Size,Time
10,0.00015633000439265742
100,0.0001707600022200495
1000,0.00016670999757479877
10000,0.00017917999939527364
100000,0.00022742000001017005
1000000,0.00037902999902144073
