Size,Time
10,6.384000298567116e-05
100,5.253999843262136e-05
1000,5.278999597067013e-05
10000,4.67999983811751e-05
100000,0.0002554499980760738
1000000,0.00012417000398272647
