Size,Time
10,0.00472767000173917
100,0.004851399999461136
1000,0.005459159999736585
10000,0.005787239999335725
100000,0.006435869999404531
